lift_n,u_boundary,v_boundary,uv_boundary,ratio_boundary,phi_error,steps_to_floor,nearest_fib_u,nearest_fib_v,nearest_fib_uv,nearest_fib_ratio,nearest_fib_phi_error,nearest_fib_dist2,matches_first_corridor_hit
1,55,89,4895,1.6181818181818182,0.00014782943192326314,9,55,89,4895,1.6181818181818182,0.00014782943192326314,0,True
2,55,89,4895,1.6181818181818182,0.00014782943192326314,8,55,89,4895,1.6181818181818182,0.00014782943192326314,0,True
3,76,123,9348,1.618421052631579,0.0003870638816840799,8,89,144,12816,1.6179775280898876,5.6460660007306984e-05,610,False
4,60,97,5820,1.6166666666666667,0.0013673220832282063,7,55,89,4895,1.6181818181818182,0.00014782943192326314,89,False
5,73,118,8614,1.6164383561643836,0.0015956325855113196,7,89,144,12816,1.6179775280898876,5.6460660007306984e-05,932,False
6,53,86,4558,1.6226415094339623,0.004607520684067445,6,55,89,4895,1.6181818181818182,0.00014782943192326314,13,False
7,61,99,6039,1.6229508196721312,0.0049168309222362705,6,55,89,4895,1.6181818181818182,0.00014782943192326314,136,False
8,69,112,7728,1.6231884057971016,0.00515441704720665,6,55,89,4895,1.6181818181818182,0.00014782943192326314,725,False
