fib_index,u,v,uv,ratio,phi_error
9,55,89,4895,1.6181818181818182,0.00014782943192326314
10,89,144,12816,1.6179775280898876,5.6460660007306984e-05
11,144,233,33552,1.6180555555555556,2.15668056606777e-05
