lift,steps_to_floor,anchor_u,anchor_v,anchor_uv,anchor_ratio,anchor_r,anchor_germ_width_over_pi,anchor_germ_width_rad
"(1,1)",9,55,89,4895,1.6181818181818182,0.00020429009193054137,0.00040858018386108274,0.0012835925040203444
"(1,2)",8,55,89,4895,1.6181818181818182,0.00020429009193054137,0.00040858018386108274,0.0012835925040203444
